{
  "best_metric": null,
  "best_model_checkpoint": null,
  "epoch": 5.6,
  "eval_steps": 2000,
  "global_step": 28000,
  "is_hyper_param_search": false,
  "is_local_process_zero": true,
  "is_world_process_zero": true,
  "log_history": [
    {
      "epoch": 0.4,
      "grad_norm": 12.263374328613281,
      "learning_rate": 1.898305084745763e-05,
      "loss": 13.957,
      "step": 2000
    },
    {
      "epoch": 0.4,
      "eval_loss": 4.3976640701293945,
      "eval_runtime": 73.1439,
      "eval_samples_per_second": 273.434,
      "eval_steps_per_second": 8.545,
      "step": 2000
    },
    {
      "epoch": 0.8,
      "grad_norm": 2.0105326175689697,
      "learning_rate": 1.76271186440678e-05,
      "loss": 5.6818,
      "step": 4000
    },
    {
      "epoch": 0.8,
      "eval_loss": 3.8693203926086426,
      "eval_runtime": 73.2001,
      "eval_samples_per_second": 273.224,
      "eval_steps_per_second": 8.538,
      "step": 4000
    },
    {
      "epoch": 1.2,
      "grad_norm": 2.7626121044158936,
      "learning_rate": 1.6271186440677967e-05,
      "loss": 5.2709,
      "step": 6000
    },
    {
      "epoch": 1.2,
      "eval_loss": 3.76541805267334,
      "eval_runtime": 73.3716,
      "eval_samples_per_second": 272.585,
      "eval_steps_per_second": 8.518,
      "step": 6000
    },
    {
      "epoch": 1.6,
      "grad_norm": 2.5417497158050537,
      "learning_rate": 1.4915254237288137e-05,
      "loss": 5.1105,
      "step": 8000
    },
    {
      "epoch": 1.6,
      "eval_loss": 3.714766025543213,
      "eval_runtime": 73.088,
      "eval_samples_per_second": 273.643,
      "eval_steps_per_second": 8.551,
      "step": 8000
    },
    {
      "epoch": 2.0,
      "grad_norm": 2.863649845123291,
      "learning_rate": 1.3559322033898305e-05,
      "loss": 5.0139,
      "step": 10000
    },
    {
      "epoch": 2.0,
      "eval_loss": 3.668048143386841,
      "eval_runtime": 73.2948,
      "eval_samples_per_second": 272.871,
      "eval_steps_per_second": 8.527,
      "step": 10000
    },
    {
      "epoch": 2.4,
      "grad_norm": 2.723151922225952,
      "learning_rate": 1.2203389830508477e-05,
      "loss": 4.9519,
      "step": 12000
    },
    {
      "epoch": 2.4,
      "eval_loss": 3.633073091506958,
      "eval_runtime": 73.1263,
      "eval_samples_per_second": 273.5,
      "eval_steps_per_second": 8.547,
      "step": 12000
    },
    {
      "epoch": 2.8,
      "grad_norm": 2.542649984359741,
      "learning_rate": 1.0847457627118645e-05,
      "loss": 4.8887,
      "step": 14000
    },
    {
      "epoch": 2.8,
      "eval_loss": 3.595510959625244,
      "eval_runtime": 73.1736,
      "eval_samples_per_second": 273.323,
      "eval_steps_per_second": 8.541,
      "step": 14000
    },
    {
      "epoch": 3.2,
      "grad_norm": 2.892249345779419,
      "learning_rate": 9.491525423728815e-06,
      "loss": 4.833,
      "step": 16000
    },
    {
      "epoch": 3.2,
      "eval_loss": 3.54553484916687,
      "eval_runtime": 73.3074,
      "eval_samples_per_second": 272.824,
      "eval_steps_per_second": 8.526,
      "step": 16000
    },
    {
      "epoch": 3.6,
      "grad_norm": 2.5734267234802246,
      "learning_rate": 8.135593220338983e-06,
      "loss": 4.7705,
      "step": 18000
    },
    {
      "epoch": 3.6,
      "eval_loss": 3.4479308128356934,
      "eval_runtime": 73.1404,
      "eval_samples_per_second": 273.447,
      "eval_steps_per_second": 8.545,
      "step": 18000
    },
    {
      "epoch": 4.0,
      "grad_norm": 2.8878014087677,
      "learning_rate": 6.779661016949153e-06,
      "loss": 4.6866,
      "step": 20000
    },
    {
      "epoch": 4.0,
      "eval_loss": 3.2583634853363037,
      "eval_runtime": 72.9903,
      "eval_samples_per_second": 274.009,
      "eval_steps_per_second": 8.563,
      "step": 20000
    },
    {
      "epoch": 4.4,
      "grad_norm": 3.081897258758545,
      "learning_rate": 5.423728813559323e-06,
      "loss": 4.602,
      "step": 22000
    },
    {
      "epoch": 4.4,
      "eval_loss": 3.1394522190093994,
      "eval_runtime": 72.855,
      "eval_samples_per_second": 274.518,
      "eval_steps_per_second": 8.579,
      "step": 22000
    },
    {
      "epoch": 4.8,
      "grad_norm": 2.8633813858032227,
      "learning_rate": 4.067796610169492e-06,
      "loss": 4.5379,
      "step": 24000
    },
    {
      "epoch": 4.8,
      "eval_loss": 3.0976743698120117,
      "eval_runtime": 73.0317,
      "eval_samples_per_second": 273.854,
      "eval_steps_per_second": 8.558,
      "step": 24000
    },
    {
      "epoch": 5.2,
      "grad_norm": 3.377735137939453,
      "learning_rate": 2.7118644067796613e-06,
      "loss": 4.5069,
      "step": 26000
    },
    {
      "epoch": 5.2,
      "eval_loss": 3.079941511154175,
      "eval_runtime": 73.342,
      "eval_samples_per_second": 272.695,
      "eval_steps_per_second": 8.522,
      "step": 26000
    },
    {
      "epoch": 5.6,
      "grad_norm": 2.62819766998291,
      "learning_rate": 1.3559322033898307e-06,
      "loss": 4.4786,
      "step": 28000
    },
    {
      "epoch": 5.6,
      "eval_loss": 3.0725419521331787,
      "eval_runtime": 73.0659,
      "eval_samples_per_second": 273.726,
      "eval_steps_per_second": 8.554,
      "step": 28000
    }
  ],
  "logging_steps": 2000,
  "max_steps": 30000,
  "num_input_tokens_seen": 0,
  "num_train_epochs": 6,
  "save_steps": 2000,
  "total_flos": 3.206343520931021e+16,
  "train_batch_size": 32,
  "trial_name": null,
  "trial_params": null
}
